{"_id":"note:ba3IKAy5W","title":"5 - PHP 7 Kurulumu","content":"## 1) PHP son sürüm kurulumu\n\n```\nsudo dnf install php php-mysqlnd\n```\n\n## 2) Apache Server restart etmek gerekir\n\n```\nsudo systemctl restart httpd\n```\n\n## 3) PHP Test için bir dosya oluşturuyoruz\n\n```\nnano /var/www/html/info.php\n```\n\n> Bilgi:\n> nano komutu eğer dosya yoksa dosya oluşturmaya ve içerisine birşeyler yazıp kaydetmeye yarar\n\n## 4) Oluşturulan info.php dosyasına aşağıdaki kodu yazıp kaydediyoruz (ctrl+X)\n```\n<?php\nphpinfo();\n?>\n```\n\n## 5) info.php dosyasına erişim\n\n> Tarayıcımızda http://server_host_or_IP/info.php adresine girince aşağıdaki görüntüye ulaşıldıysa herşey tamamdır!\n\n![](image-kgy564hm.png)","tags":[],"folderPathname":"/CENTOS 8 KURULUMLARI VE AYARLAMALAR","data":{},"createdAt":"2020-10-31T20:31:25.914Z","updatedAt":"2020-11-01T00:28:54.847Z","trashed":false,"_rev":"5oLMfp1Zq"}