{"_id":"note:bu_8EUf00","title":"6 - PhpMyAdmin Kurulumu","content":"## 1) phpMyAdmin kurulum dosyasını indiriyoruz\n> Sıkıştırılmış dosya şeklindedir\n\n```\nwget https://files.phpmyadmin.net/phpMyAdmin/4.9.1/phpMyAdmin-4.9.1-all-languages.tar.gz\n```\n\n## 2) Dosyaları dizine çıkartıyoruz\n\n```\ntar -zxvf phpMyAdmin-4.9.1-all-languages.tar.gz\n```\n\n## 3) Çıkartılan dosyaları /usr/share/phpMyAdmin dizinine taşıyoruz\n\n```\nmv phpMyAdmin-4.9.1-all-languages /usr/share/phpMyAdmin\n```\n\n## 4) Konfigürasyon dosyası oluşturuyoruz\n```\ncp -pr /usr/share/phpMyAdmin/config.sample.inc.php /usr/share/phpMyAdmin/config.inc.php\n```\n\n## 5) Konfig dosyasını düzenleyeceğiz\n\n```\nnano /usr/share/phpMyAdmin/config.inc.php\n```\n\n## 6) phpMyAdmin blowfish secret generator\n> Konfig dosyası içerisinde **$cfg['blowfish_secret'] = '';** yazan yere oluşturacağımız secret kodu yapıştırıyoruz\n\n[Blowfish secret kodu oluşturmak için tıkla!](https://phpsolved.com/phpmyadmin-blowfish-secret-generator/)\n\n\n\n## 7) _create_tables.sql_ dosyasını MySQL içerisine import ediyoruz\n\n```\nmysql < /usr/share/phpMyAdmin/sql/create_tables.sql -u root -p\n```\n\n\n## 8) Apache Server içerisine phpMyAdmin konfigürasyonunu oluşturuyoruz\n\n```\nnano /etc/httpd/conf.d/phpMyAdmin.conf\n```\n\n### Aşağıdaki kodu yapıştırıp kaydediyoruz (ctrl+X)\n\n```\nAlias /phpMyAdmin /usr/share/phpMyAdmin\nAlias /phpmyadmin /usr/share/phpMyAdmin\n\n<Directory /usr/share/phpMyAdmin/>\n   AddDefaultCharset UTF-8\n\n   <IfModule mod_authz_core.c>\n     # Apache 2.4\n     <RequireAny> \n      Require all granted\n     </RequireAny>\n   </IfModule>\n   <IfModule !mod_authz_core.c>\n     # Apache 2.2\n     Order Deny,Allow\n     Deny from All\n     Allow from 127.0.0.1\n     Allow from ::1\n   </IfModule>\n</Directory>\n\n<Directory /usr/share/phpMyAdmin/setup/>\n   <IfModule mod_authz_core.c>\n     # Apache 2.4\n     <RequireAny>\n       Require all granted\n     </RequireAny>\n   </IfModule>\n   <IfModule !mod_authz_core.c>\n     # Apache 2.2\n     Order Deny,Allow\n     Deny from All\n     Allow from 127.0.0.1\n     Allow from ::1\n   </IfModule>\n</Directory>\n```\n\n## 9) PhpMyAdmin için bir tmp dizini oluşturup 777 izni veriyoruz\n\n```\nmkdir /usr/share/phpMyAdmin/tmp\n\nchmod 777 /usr/share/phpMyAdmin/tmp\n```\n\n## 10) PhpMyAdmin'in sahipliğini ayarlıyoruz\n\n```\nchown -R apache:apache /usr/share/phpMyAdmin\n```\n\n## 11) Sistemi yeniden başlatıyoruz\n\n```\nsystemctl restart httpd\n```\n## 12) PhpMyAdmin'in düzgün çalışması için bazı ayarlamaları uyguluyoruz\n\n```\nyum install -y policycoreutils-python-utils\n\nsemanage fcontext -a -t httpd_sys_rw_content_t '/usr/share/phpMyAdmin/'\n\nsemanage fcontext -a -t httpd_sys_rw_content_t \"/usr/share/phpMyAdmin/tmp(/.*)?\"\n\nrestorecon -Rv '/usr/share/phpMyAdmin/'\n```\n\n## 13) Firewall ayarlamalarını uyguluyoruz\n\n```\nfirewall-cmd --permanent --add-service=http\n\nfirewall-cmd --reload\n```\n\n## 14) PHP json eklentisini kuruyoruz\n\n```\nyum install php-json\n```\n\n## 15) PhpMyAdmin'e giriyoruz\n> Önceki adımda aldığınız ip bilgisini aşağıdaki linkte uygun yere ekleyerek giriş yapıyoruz\n\nhttp://your-ip-addr-ess/phpMyAdmin\n\n## 16) Aşağıdaki gibi bir ekranın sizi karşılaması gerekir. Buradaki forma, daha önce anlatılan MySQL Server Kurulumu kısmında oluşturulan admin master kullanıcısının bilgilerini giriyoruz \n![](image-kgyeo75x.png)\n\n\n## 17) Tataaa! PhpMyAdmin arayüzü başarılı bir şekilde kurulmuştur. Sorgu yazmaya başlayabilirsiniz!\n![](image-kgyer2rz.png)","tags":[],"folderPathname":"/CENTOS 8 KURULUMLARI VE AYARLAMALAR","data":{},"createdAt":"2020-11-01T00:28:30.798Z","updatedAt":"2020-11-07T23:57:07.126Z","trashed":false,"_rev":"nJo8v2Xlf"}