{"_id":"note:cM7RZypen","title":"4 - MySQL Server Kurulumu","content":"## 1) MySQL Server Kurulumu\n\n```\nsudo dnf install mysql-server\n```\n\n## 2) MySQL Server'ı başlat\n\n```\nsudo systemctl start mysqld.service\n```\n\n## 3) MySQL kurulum test\n\n```\nsudo systemctl status mysqld\n```\nAşağıdaki gibi görünmelidir:\n![](image-kgy538ea.png)\n\n## 4) MySQL Server aktifleştirme\n\n```\nsudo systemctl enable mysqld\n```\n\n## 5) MySQL Konsola giriş\n\n```\nmysql -u root -p\n```\n\n> MySQL veritabanlarına erişim için kullanılacak root kullanıcısının şifresi belirlenmediği için boş geçilmelidir (root kullanıcısına şifre belirlemek istiyorsanız **mysql_secure_installation** komutunu inceleyebilirsiniz).\n\nBu komutu çalıştırdığınızda aşağıdaki gibi bir sonuç görünmelidir (Örnek olarak tüm veritabanlarını gösteren _show databases_ sorgusu çalıştırılmıştır)\n![](image-kgy53fdq.png)\n\n## 6) MySQL İçin Master Kullanıcı Oluşturma (phpMyAdmin dahil tüm veritabanı işlerimiz için bu kullanıcıyı kullanacağız. Örnekte kullanıcı adı admin, şifre de 123123 olarak belirlenmiştir)\n```\nCREATE USER 'admin'@'localhost' IDENTIFIED BY '123123';\n```\n```\nGRANT ALL PRIVILEGES ON * . * TO 'admin'@'localhost';\n```\n```\nFLUSH PRIVILEGES;\n```\n## 7) Oluşturduğumuz Master Kullanıcıyla konsola giriş yapıyoruz\n\n```\nmysql -u admin -p\n```","tags":[],"folderPathname":"/CENTOS 8 KURULUMLARI VE AYARLAMALAR","data":{},"createdAt":"2020-10-31T20:29:24.651Z","updatedAt":"2020-11-07T22:17:16.302Z","trashed":false,"_rev":"GHuZqru3i"}