{"_id":"note:eGFuzviXi","title":"3 - Apache Server Kurulumu","content":"## 1) Apache Server kurulumu\n\n```\nsudo dnf install httpd\n```\n\n## 2) Firewall izin ayarlamaları\n\n```\nsudo firewall-cmd --permanent --add-service=http\n```\n\n```\nsudo firewall-cmd --reload\n```\n\n## 3) Apache Server başlatma\n\n```\nsudo systemctl start httpd\n```\n\n## 4) Apache Server test\n\n```\nsudo systemctl status httpd\n```\nBu komutu çalıştırdığınızda aşağıdaki gibi bir ekran görüntülenmelidir:\n![](image-kgy51fpv.png)\n\n> Herşey güzel gittiyse, bilgisayarınızın tarayıcısını açıp http://your_server_ip adresine girdiğinizde de aşağıdaki gibi bir ekranla karşılaşmanız gerekir.\n\n![](image-kgy51l4o.png)","tags":[],"folderPathname":"/CENTOS 8 KURULUMLARI VE AYARLAMALAR","data":{},"createdAt":"2020-10-31T20:27:52.320Z","updatedAt":"2020-10-31T20:28:59.746Z","trashed":false,"_rev":"-oKZiLVQ4"}