{"_id":"note:kXtzry_U2","title":"2 - PowerShell ile Sunucuya SSH bağlantısı","content":"## 1) PowerShell'i çalıştır (Yönetici olarak bağlan)\n![](image-kgy4x2oa.png)\n\n## 2) Sunucu ile bağlantı gerçekleştir\n\n```\nssh root@10.8.2.48  \n```\n\n> Siz root@ sonrasına kendi ip'nizi yazacaksınız. Sonrasında sizden kullanıcı adı ve şifre isteyecek, CentOS8 kurulumu esnasında verdiğiniz root parolasını kullanacaksınız\n\nEkran aşağıdaki gibi görünmeli\n\n![](image-kgy4xa4d.png)","tags":[],"folderPathname":"/CENTOS 8 KURULUMLARI VE AYARLAMALAR","data":{},"createdAt":"2020-10-31T20:24:55.514Z","updatedAt":"2020-10-31T20:29:13.600Z","trashed":false,"_rev":"nVnYdEN7E"}