{"title":"1 - VirtualBox CentOS8 Ağ Ayarlamaları","content":"## 1) İnterneti aktif etme\n\n```\nnano /etc/sysconfig/network-scripts/ifcfg-enp0s3\n```\n> Buradaki **ONBOOT=no** ifadesini **ONBOOT=yes** olarak güncelle\n\n\n## 2) Ağı yeniden başlat\n\n```\nsudo systemctl restart NetworkManager.service\n```\n\n## 3) IP görüntüle (daha sonra powershell ile bağlanırken lazım olacak)\n\n```\nhostname -I\n```\n## 4) Aşağıdaki gibi görünen ekrandan ip adresinizi not ediniz (Sizinki muhtemelen 192 ile başlayacaktır).\n![](image-kgy4v9ih.png)\n","tags":[],"folderPathname":"/CENTOS 8 KURULUMLARI VE AYARLAMALAR","data":{"bookmarked":false},"createdAt":"2020-10-31T20:08:27.540Z","updatedAt":"2020-11-05T21:37:05.601Z","trashed":false,"_id":"note:lb_DDjzpB","_rev":"SE9asXNUpm"}